model,metric,horizon_step,n_series,n_forecasts,mae,rmse,smape
ets_additive_damped,bonds_lodged,1,65,780,25.418693042870775,58.750741881276944,12.827160806158167
seasonal_naive,bonds_lodged,1,65,780,58.21923076923077,145.810770415737,26.44569951752807
xgboost_pooled_recursive,bonds_lodged,1,65,780,30.097830354250394,75.62124183564208,13.851457601226128
ets_additive_damped,bonds_lodged,2,65,780,28.49218745314802,63.96667777417834,13.628744915506733
seasonal_naive,bonds_lodged,2,65,780,54.9,135.10440407329438,24.8052345436736
xgboost_pooled_recursive,bonds_lodged,2,65,780,37.7949062200693,86.677679655285,16.455890695271776
ets_additive_damped,bonds_lodged,3,65,780,29.044932763118755,64.27283567658819,13.725119317243664
seasonal_naive,bonds_lodged,3,65,780,52.003846153846155,128.71009463728345,23.62969506483605
xgboost_pooled_recursive,bonds_lodged,3,65,780,44.83151823190542,103.25401425552755,19.49561915724898
ets_additive_damped,bonds_lodged,4,65,780,28.708906295521444,63.6534359567953,13.454256492411067
seasonal_naive,bonds_lodged,4,65,780,48.33076923076923,119.77719700793187,22.16744624700856
xgboost_pooled_recursive,bonds_lodged,4,65,780,50.613830894078966,110.60618761632358,22.244927021975805
ets_additive_damped,bonds_lodged,5,65,780,29.62378828290023,66.4925873993847,13.184933071296884
seasonal_naive,bonds_lodged,5,65,780,45.16538461538462,112.78282397872198,20.416442008067737
xgboost_pooled_recursive,bonds_lodged,5,65,780,57.476855199764934,121.41282205021332,24.18463421410635
ets_additive_damped,bonds_lodged,6,65,780,31.318184286184962,71.99511772011743,13.663131939424892
seasonal_naive,bonds_lodged,6,65,780,41.66153846153846,104.15694518739127,19.265970020196523
xgboost_pooled_recursive,bonds_lodged,6,65,780,64.20396981850648,133.57883408622865,26.814985788943236
ets_additive_damped,median_rent,1,65,780,15.819830203299334,21.11644155134992,2.871369606775494
seasonal_naive,median_rent,1,65,780,22.5525641025641,30.767511169897112,4.176080702553561
xgboost_pooled_recursive,median_rent,1,65,780,15.659759404109074,21.024943787683217,2.841584149943864
ets_additive_damped,median_rent,2,65,780,16.841213904435183,22.227783486362174,3.0515807748750334
seasonal_naive,median_rent,2,65,780,22.373076923076923,30.739413437174406,4.141797601276877
xgboost_pooled_recursive,median_rent,2,65,780,16.66701417580629,22.21386097895719,3.0097666432906256
ets_additive_damped,median_rent,3,65,780,18.127489665724376,23.520481861539846,3.273166387970631
seasonal_naive,median_rent,3,65,780,21.884615384615383,30.423885690569186,4.051917711533799
xgboost_pooled_recursive,median_rent,3,65,780,17.728346213316307,23.343611043707963,3.205146973499304
ets_additive_damped,median_rent,4,65,780,18.823609325268972,24.312450872045684,3.3931374143639754
seasonal_naive,median_rent,4,65,780,21.51923076923077,30.09785323292625,3.9652771245409952
xgboost_pooled_recursive,median_rent,4,65,780,18.005960083007814,23.86794771384053,3.242365374330979
ets_additive_damped,median_rent,5,65,780,19.25197076660934,24.720781116251686,3.4595491940785337
seasonal_naive,median_rent,5,65,780,21.17051282051282,29.555402126714412,3.887814234036635
xgboost_pooled_recursive,median_rent,5,65,780,18.220330106295073,24.404319937591982,3.2803486648385007
ets_additive_damped,median_rent,6,65,780,19.06754642271065,24.789632713819714,3.4170084036980417
seasonal_naive,median_rent,6,65,780,21.06025641025641,29.429511614129,3.8632237276612504
xgboost_pooled_recursive,median_rent,6,65,780,17.9243654300005,24.101606603867886,3.2216103340480653
