series_id,metric,geography_level,location_id,location_name,best_model,best_mae,best_rmse,best_smape
territorial_authority_63_bonds_lodged,bonds_lodged,territorial_authority,63,Ashburton District,ets_additive_damped,9.84959196241995,11.359197119243134,17.465810908349795
region_2_bonds_lodged,bonds_lodged,region,2,Auckland Region,ets_additive_damped,300.15315890129443,350.15762423650443,5.67211760587004
region_4_bonds_lodged,bonds_lodged,region,4,Bay of Plenty Region,ets_additive_damped,53.44299590191047,67.03995098164103,7.644897779076378
territorial_authority_55_bonds_lodged,bonds_lodged,territorial_authority,55,Buller District,ets_additive_damped,4.025672719218735,4.783073571693686,24.740551978551935
region_13_bonds_lodged,bonds_lodged,region,13,Canterbury Region,ets_additive_damped,139.13315453497114,186.91688706236135,7.6946078725255065
territorial_authority_69_bonds_lodged,bonds_lodged,territorial_authority,69,Central Otago District,ets_additive_damped,7.980273904710545,10.390444435088114,16.388611257127693
territorial_authority_60_bonds_lodged,bonds_lodged,territorial_authority,60,Christchurch City,ets_additive_damped,94.77634778699304,127.00316949342533,6.789244573359911
territorial_authority_72_bonds_lodged,bonds_lodged,territorial_authority,72,Clutha District,ets_additive_damped,5.117558830862862,6.143980627267597,26.13063908957428
territorial_authority_71_bonds_lodged,bonds_lodged,territorial_authority,71,Dunedin City,ets_additive_damped,18.639740858700648,23.454966265508368,6.076867347068695
territorial_authority_1_bonds_lodged,bonds_lodged,territorial_authority,1,Far North District,ets_additive_damped,12.038707491451532,14.163527347887698,12.857476237335833
territorial_authority_28_bonds_lodged,bonds_lodged,territorial_authority,28,Gisborne District,ets_additive_damped,10.618677809271007,12.909829235850662,11.87338656029978
region_5_bonds_lodged,bonds_lodged,region,5,Gisborne Region,ets_additive_damped,10.618677809271007,12.909829235850662,11.87338656029978
territorial_authority_74_bonds_lodged,bonds_lodged,territorial_authority,74,Gore District,ets_additive_damped,4.97845480392649,6.038766410389014,20.60643249479379
territorial_authority_16_bonds_lodged,bonds_lodged,territorial_authority,16,Hamilton City,ets_additive_damped,73.1102838415599,89.73178897511416,10.317366431448612
territorial_authority_30_bonds_lodged,bonds_lodged,territorial_authority,30,Hastings District,ets_additive_damped,12.223408417697076,16.087635014603606,8.617293670474847
territorial_authority_12_bonds_lodged,bonds_lodged,territorial_authority,12,Hauraki District,ets_additive_damped,5.176550921641705,6.008203619743033,17.793064611183272
region_6_bonds_lodged,bonds_lodged,region,6,Hawke's Bay Region,ets_additive_damped,26.464334305483405,31.239589349040887,8.79764563145601
territorial_authority_42_bonds_lodged,bonds_lodged,territorial_authority,42,Horowhenua District,ets_additive_damped,15.221231279706785,19.00625664215721,17.218350372866038
territorial_authority_75_bonds_lodged,bonds_lodged,territorial_authority,75,Invercargill City,ets_additive_damped,12.746257835455099,16.772407158142272,9.584137036625556
territorial_authority_3_bonds_lodged,bonds_lodged,territorial_authority,3,Kaipara District,ets_additive_damped,6.807683786456944,7.576479634480419,14.787954803286013
territorial_authority_43_bonds_lodged,bonds_lodged,territorial_authority,43,Kapiti Coast District,ets_additive_damped,9.676633135070427,12.747902079700253,8.81187475832052
territorial_authority_46_bonds_lodged,bonds_lodged,territorial_authority,46,Lower Hutt City,ets_additive_damped,23.53993111619244,26.62374414457307,8.989486874213988
territorial_authority_39_bonds_lodged,bonds_lodged,territorial_authority,39,Manawatu District,ets_additive_damped,7.441769055610842,9.305434233692237,17.55976140232264
region_8_bonds_lodged,bonds_lodged,region,8,Manawatu-Wanganui Region,ets_additive_damped,74.85769045492358,83.99724764153125,12.384887612814527
territorial_authority_53_bonds_lodged,bonds_lodged,territorial_authority,53,Marlborough District,ets_additive_damped,13.330001180028155,15.90630036607018,14.38208536327977
region_18_bonds_lodged,bonds_lodged,region,18,Marlborough Region,ets_additive_damped,13.330001180028155,15.90630036607018,14.38208536327977
territorial_authority_48_bonds_lodged,bonds_lodged,territorial_authority,48,Masterton District,xgboost_pooled_recursive,11.228845225440132,14.057105284669412,17.00398543218256
territorial_authority_15_bonds_lodged,bonds_lodged,territorial_authority,15,Matamata-Piako District,ets_additive_damped,7.846372693538503,10.705331850210124,14.506096635878333
territorial_authority_31_bonds_lodged,bonds_lodged,territorial_authority,31,Napier City,ets_additive_damped,17.220877521049154,19.37517377475243,13.81625308925406
territorial_authority_52_bonds_lodged,bonds_lodged,territorial_authority,52,Nelson City,ets_additive_damped,17.043716020089647,19.54962124105187,12.37884407916707
region_17_bonds_lodged,bonds_lodged,region,17,Nelson Region,ets_additive_damped,17.043716020089647,19.54962124105187,12.37884407916707
territorial_authority_33_bonds_lodged,bonds_lodged,territorial_authority,33,New Plymouth District,ets_additive_damped,16.94657224262705,20.684273634568978,9.473632676833027
region_1_bonds_lodged,bonds_lodged,region,1,Northland Region,ets_additive_damped,28.10808460895744,33.94429794909855,8.19185365705006
region_14_bonds_lodged,bonds_lodged,region,14,Otago Region,ets_additive_damped,60.00097951006324,73.47566318990128,9.743417035308417
territorial_authority_40_bonds_lodged,bonds_lodged,territorial_authority,40,Palmerston North City,xgboost_pooled_recursive,33.047840966118706,41.4166701111145,11.601970203568346
territorial_authority_44_bonds_lodged,bonds_lodged,territorial_authority,44,Porirua City,ets_additive_damped,7.501768406222317,9.079362041819236,8.55799901137148
territorial_authority_70_bonds_lodged,bonds_lodged,territorial_authority,70,Queenstown-Lakes District,ets_additive_damped,30.669349043028635,35.95762675079651,13.255351949443817
territorial_authority_38_bonds_lodged,bonds_lodged,territorial_authority,38,Rangitikei District,ets_additive_damped,5.873192868717759,7.201346625234799,24.41725282196471
territorial_authority_24_bonds_lodged,bonds_lodged,territorial_authority,24,Rotorua District,ets_additive_damped,11.141004985650094,15.027936159099756,6.390302484984756
territorial_authority_62_bonds_lodged,bonds_lodged,territorial_authority,62,Selwyn District,ets_additive_damped,15.410675310063827,18.61390137203058,9.961725376114112
territorial_authority_35_bonds_lodged,bonds_lodged,territorial_authority,35,South Taranaki District,ets_additive_damped,5.624227362806573,7.305732910489476,12.157553024123963
territorial_authority_19_bonds_lodged,bonds_lodged,territorial_authority,19,South Waikato District,ets_additive_damped,13.650198402112578,15.816337654390953,22.05284886627661
territorial_authority_73_bonds_lodged,bonds_lodged,territorial_authority,73,Southland District,ets_additive_damped,4.496243132134564,6.105987396854828,16.562321392701914
region_15_bonds_lodged,bonds_lodged,region,15,Southland Region,ets_additive_damped,18.441888928500532,26.082895010133168,9.925499305327929
region_7_bonds_lodged,bonds_lodged,region,7,Taranaki Region,ets_additive_damped,18.762121505435648,24.302626740408176,7.683127911466109
territorial_authority_41_bonds_lodged,bonds_lodged,territorial_authority,41,Tararua District,ets_additive_damped,4.223681632244979,5.120241626103115,15.138072881040681
territorial_authority_51_bonds_lodged,bonds_lodged,territorial_authority,51,Tasman District,ets_additive_damped,15.353959295729311,18.930151456879937,18.52241608987368
region_16_bonds_lodged,bonds_lodged,region,16,Tasman Region,ets_additive_damped,15.353959295729311,18.930151456879937,18.52241608987368
territorial_authority_21_bonds_lodged,bonds_lodged,territorial_authority,21,Taupo District,ets_additive_damped,11.765392048921347,14.499855553558978,13.447595584291733
territorial_authority_23_bonds_lodged,bonds_lodged,territorial_authority,23,Tauranga City,ets_additive_damped,35.342678547310825,45.0728238091243,9.77807369663548
territorial_authority_11_bonds_lodged,bonds_lodged,territorial_authority,11,Thames-Coromandel District,seasonal_naive,5.375,6.991065727054782,13.696904207621966
territorial_authority_64_bonds_lodged,bonds_lodged,territorial_authority,64,Timaru District,ets_additive_damped,9.63627961285574,10.818712121220408,13.637421937550087
territorial_authority_45_bonds_lodged,bonds_lodged,territorial_authority,45,Upper Hutt City,ets_additive_damped,9.883186009352407,12.51354916760692,11.394745147542753
territorial_authority_13_bonds_lodged,bonds_lodged,territorial_authority,13,Waikato District,ets_additive_damped,11.988929691607199,16.703407880911875,9.5112379438912
region_3_bonds_lodged,bonds_lodged,region,3,Waikato Region,ets_additive_damped,120.13847722543748,146.14495843433477,9.590319633288926
territorial_authority_59_bonds_lodged,bonds_lodged,territorial_authority,59,Waimakariri District,xgboost_pooled_recursive,16.523091104295517,21.594429840221103,19.816407857558023
territorial_authority_17_bonds_lodged,bonds_lodged,territorial_authority,17,Waipa District,ets_additive_damped,13.613902724255167,16.650759469030483,12.902487011863744
territorial_authority_68_bonds_lodged,bonds_lodged,territorial_authority,68,Waitaki District,ets_additive_damped,5.830649371051823,7.51307239531823,20.582999603214073
territorial_authority_47_bonds_lodged,bonds_lodged,territorial_authority,47,Wellington City,ets_additive_damped,86.1739798153679,98.1033652011355,9.88376485597003
region_9_bonds_lodged,bonds_lodged,region,9,Wellington Region,ets_additive_damped,136.72407845715995,162.1287461144956,9.13132369115323
region_12_bonds_lodged,bonds_lodged,region,12,West Coast Region,ets_additive_damped,10.531992039237704,12.740350731430377,23.96428064134337
territorial_authority_22_bonds_lodged,bonds_lodged,territorial_authority,22,Western Bay of Plenty District,ets_additive_damped,12.553572820119244,14.584418624456386,15.613868401562392
territorial_authority_25_bonds_lodged,bonds_lodged,territorial_authority,25,Whakatane District,seasonal_naive,8.25,12.227019260637483,15.602188196595637
territorial_authority_37_bonds_lodged,bonds_lodged,territorial_authority,37,Whanganui District,ets_additive_damped,11.07059652166138,13.541656829659948,10.516807251713232
territorial_authority_2_bonds_lodged,bonds_lodged,territorial_authority,2,Whangarei District,ets_additive_damped,16.735347478492017,21.365202028021614,8.365168243558655
territorial_authority_63_median_rent,median_rent,territorial_authority,63,Ashburton District,xgboost_pooled_recursive,13.036835564507381,17.651845855601003,2.668378119307332
region_2_median_rent,median_rent,region,2,Auckland Region,seasonal_naive,4.527777777777778,9.542303472199759,0.7062647389965876
region_4_median_rent,median_rent,region,4,Bay of Plenty Region,seasonal_naive,8.027777777777779,10.641898326896381,1.2575295931200685
territorial_authority_55_median_rent,median_rent,territorial_authority,55,Buller District,xgboost_pooled_recursive,25.5621337890625,31.61751120600034,5.784609859060417
region_13_median_rent,median_rent,region,13,Canterbury Region,seasonal_naive,7.694444444444445,10.251016209787853,1.394446064196905
territorial_authority_69_median_rent,median_rent,territorial_authority,69,Central Otago District,ets_additive_damped,28.54981578271325,31.587091195052796,4.558363807941448
territorial_authority_60_median_rent,median_rent,territorial_authority,60,Christchurch City,seasonal_naive,9.180555555555555,12.686935537525732,1.6632391021394979
territorial_authority_72_median_rent,median_rent,territorial_authority,72,Clutha District,ets_additive_damped,27.456315810406746,34.997574293267654,6.206323684501437
territorial_authority_71_median_rent,median_rent,territorial_authority,71,Dunedin City,seasonal_naive,20.13888888888889,26.574841903992997,3.695732820472238
territorial_authority_1_median_rent,median_rent,territorial_authority,1,Far North District,ets_additive_damped,13.400421547700669,15.991243963354094,2.4763196979030235
territorial_authority_28_median_rent,median_rent,territorial_authority,28,Gisborne District,seasonal_naive,15.875,20.425678283311264,2.5918601220257433
region_5_median_rent,median_rent,region,5,Gisborne Region,seasonal_naive,15.875,20.425678283311264,2.5918601220257433
territorial_authority_74_median_rent,median_rent,territorial_authority,74,Gore District,xgboost_pooled_recursive,21.502500322129993,26.744653283196115,4.6020669583114175
territorial_authority_16_median_rent,median_rent,territorial_authority,16,Hamilton City,ets_additive_damped,7.4223257264737175,8.704915330900763,1.3106604549727798
territorial_authority_30_median_rent,median_rent,territorial_authority,30,Hastings District,seasonal_naive,8.88888888888889,11.814539065631521,1.4752999694088356
territorial_authority_12_median_rent,median_rent,territorial_authority,12,Hauraki District,xgboost_pooled_recursive,16.750352647569443,21.35527969722893,3.022718707022724
region_6_median_rent,median_rent,region,6,Hawke's Bay Region,ets_additive_damped,12.352006256345003,15.203085623465142,2.037452490185937
territorial_authority_42_median_rent,median_rent,territorial_authority,42,Horowhenua District,ets_additive_damped,15.592000733959996,19.033377429165636,3.0216128730228276
territorial_authority_75_median_rent,median_rent,territorial_authority,75,Invercargill City,ets_additive_damped,10.937826138412474,13.136660743615272,2.236589515573523
territorial_authority_3_median_rent,median_rent,territorial_authority,3,Kaipara District,ets_additive_damped,29.28102644335813,35.33371277952578,5.22337197681704
territorial_authority_43_median_rent,median_rent,territorial_authority,43,Kapiti Coast District,ets_additive_damped,8.82569234850719,11.348559255959247,1.4694960643397128
territorial_authority_46_median_rent,median_rent,territorial_authority,46,Lower Hutt City,ets_additive_damped,13.120913175028893,15.246279611858101,2.202333781711046
territorial_authority_39_median_rent,median_rent,territorial_authority,39,Manawatu District,seasonal_naive,20.069444444444443,26.634094690828146,3.5954606927743797
region_8_median_rent,median_rent,region,8,Manawatu-Wanganui Region,seasonal_naive,6.847222222222222,10.414333071941444,1.3321034093353525
territorial_authority_53_median_rent,median_rent,territorial_authority,53,Marlborough District,xgboost_pooled_recursive,14.476632859971788,17.035905360888705,2.588460876655561
region_18_median_rent,median_rent,region,18,Marlborough Region,xgboost_pooled_recursive,14.483632405598959,17.061123684453882,2.5901792303327675
territorial_authority_48_median_rent,median_rent,territorial_authority,48,Masterton District,seasonal_naive,16.73611111111111,21.351879958864927,3.1744594002634754
territorial_authority_15_median_rent,median_rent,territorial_authority,15,Matamata-Piako District,xgboost_pooled_recursive,14.525135464138454,20.03452974799069,2.4432324318754293
territorial_authority_31_median_rent,median_rent,territorial_authority,31,Napier City,seasonal_naive,18.291666666666668,23.442897526637882,2.8740230522856995
territorial_authority_52_median_rent,median_rent,territorial_authority,52,Nelson City,xgboost_pooled_recursive,16.988238864474827,21.70988137349985,3.141882769886068
region_17_median_rent,median_rent,region,17,Nelson Region,xgboost_pooled_recursive,17.081483629014755,21.720685890035206,3.1591676684120107
territorial_authority_33_median_rent,median_rent,territorial_authority,33,New Plymouth District,ets_additive_damped,13.052914683259594,15.751430096218463,2.223853620420589
region_1_median_rent,median_rent,region,1,Northland Region,xgboost_pooled_recursive,7.852939181857639,9.05508878002767,1.38033579168364
region_14_median_rent,median_rent,region,14,Otago Region,seasonal_naive,17.02777777777778,24.356153682842088,2.7722228121214263
territorial_authority_40_median_rent,median_rent,territorial_authority,40,Palmerston North City,xgboost_pooled_recursive,10.899767557779947,15.617701339444015,2.0317215328369853
territorial_authority_44_median_rent,median_rent,territorial_authority,44,Porirua City,xgboost_pooled_recursive,20.10886552598741,23.839497683108355,3.1409782913828703
territorial_authority_70_median_rent,median_rent,territorial_authority,70,Queenstown-Lakes District,seasonal_naive,20.59722222222222,29.877295355801163,2.6303008149395586
territorial_authority_38_median_rent,median_rent,territorial_authority,38,Rangitikei District,ets_additive_damped,28.081599544290526,32.11259765881909,5.871538871357748
territorial_authority_24_median_rent,median_rent,territorial_authority,24,Rotorua District,xgboost_pooled_recursive,12.235162523057726,15.47312338028969,2.1298222784474885
territorial_authority_62_median_rent,median_rent,territorial_authority,62,Selwyn District,ets_additive_damped,6.787793219193826,8.08195665391798,1.0809057852003774
territorial_authority_35_median_rent,median_rent,territorial_authority,35,South Taranaki District,xgboost_pooled_recursive,18.168454064263237,21.169431057628312,3.5037463364927413
territorial_authority_19_median_rent,median_rent,territorial_authority,19,South Waikato District,xgboost_pooled_recursive,13.493914710150822,18.080205503875675,2.672995451468367
territorial_authority_73_median_rent,median_rent,territorial_authority,73,Southland District,xgboost_pooled_recursive,22.564373016357425,27.84856299999047,4.87921451675384
region_15_median_rent,median_rent,region,15,Southland Region,ets_additive_damped,13.217518603651424,16.564464399253712,2.743261580936406
region_7_median_rent,median_rent,region,7,Taranaki Region,ets_additive_damped,7.799353477059567,9.352497706234336,1.3786334116469348
territorial_authority_41_median_rent,median_rent,territorial_authority,41,Tararua District,ets_additive_damped,19.986202292916474,25.579977777482043,4.290245442993958
territorial_authority_51_median_rent,median_rent,territorial_authority,51,Tasman District,ets_additive_damped,8.37881198163733,11.881599435183869,1.434288152289172
region_16_median_rent,median_rent,region,16,Tasman Region,ets_additive_damped,8.37881198163733,11.881599435183869,1.434288152289172
territorial_authority_21_median_rent,median_rent,territorial_authority,21,Taupo District,ets_additive_damped,17.873845952150027,21.103146115010745,2.9330725518103047
territorial_authority_23_median_rent,median_rent,territorial_authority,23,Tauranga City,seasonal_naive,8.819444444444445,10.881304047667163,1.2616960119318035
territorial_authority_11_median_rent,median_rent,territorial_authority,11,Thames-Coromandel District,xgboost_pooled_recursive,29.110482957628037,36.25857256775298,5.318504754713857
territorial_authority_64_median_rent,median_rent,territorial_authority,64,Timaru District,xgboost_pooled_recursive,14.643389383951826,18.31583842916571,3.070162866425104
territorial_authority_45_median_rent,median_rent,territorial_authority,45,Upper Hutt City,xgboost_pooled_recursive,28.699520534939236,34.531408362603244,4.629805166617537
territorial_authority_13_median_rent,median_rent,territorial_authority,13,Waikato District,ets_additive_damped,15.675115906810788,20.94670836249631,2.615767105480656
region_3_median_rent,median_rent,region,3,Waikato Region,ets_additive_damped,5.153533021791962,6.231751877396289,0.90186350753985
territorial_authority_59_median_rent,median_rent,territorial_authority,59,Waimakariri District,ets_additive_damped,11.97365639984578,16.63148297999232,2.0154435496993948
territorial_authority_17_median_rent,median_rent,territorial_authority,17,Waipa District,ets_additive_damped,12.692276258651562,15.874715303828829,2.043402305348587
territorial_authority_68_median_rent,median_rent,territorial_authority,68,Waitaki District,ets_additive_damped,12.946046316946315,16.232496160062805,2.748673469512096
territorial_authority_47_median_rent,median_rent,territorial_authority,47,Wellington City,ets_additive_damped,30.005440770732662,35.42198255146312,5.0828456425426065
region_9_median_rent,median_rent,region,9,Wellington Region,ets_additive_damped,18.529096479772768,21.455838775790927,3.1209790069140584
region_12_median_rent,median_rent,region,12,West Coast Region,xgboost_pooled_recursive,17.79574881659613,23.931396544729118,3.9346881920146237
territorial_authority_22_median_rent,median_rent,territorial_authority,22,Western Bay of Plenty District,xgboost_pooled_recursive,16.89632246229384,18.789105130211087,2.6691835726861077
territorial_authority_25_median_rent,median_rent,territorial_authority,25,Whakatane District,xgboost_pooled_recursive,14.353641086154514,17.058683469884983,2.4943300925661913
territorial_authority_37_median_rent,median_rent,territorial_authority,37,Whanganui District,ets_additive_damped,12.122523456373138,17.872233365091915,2.3855842940551577
territorial_authority_2_median_rent,median_rent,territorial_authority,2,Whangarei District,xgboost_pooled_recursive,6.077058580186632,7.882889121047324,1.0418741717456081
