category,item,value
dataset,rows,64956
dataset,series,164
dataset,periods,402
dataset,start_period,1993-02-01
dataset,end_period,2026-07-01
dataset,forecast_records,1560
historical_detector,seasonal_lag,12
historical_detector,baseline_window,36
historical_detector,minimum_baseline_observations,24
historical_detector,moderate_threshold,2.5
historical_detector,high_threshold,3.5
historical_practical,median_rent_absolute_threshold,15.0
historical_practical,median_rent_percentage_threshold,3.0
historical_practical,bonds_absolute_threshold,25.0
historical_practical,bonds_percentage_threshold,20.0
forecast_detector,horizon,1
forecast_detector,minimum_prior_residuals,6
forecast_detector,moderate_threshold,2.5
forecast_detector,high_threshold,3.5
forecast_practical,median_rent_absolute_threshold,15.0
forecast_practical,median_rent_percentage_threshold,2.0
forecast_practical,bonds_absolute_threshold,50.0
forecast_practical,bonds_percentage_threshold,10.0
outputs,historical_dashboard_alerts,2507
outputs,forecast_dashboard_alerts,64
outputs,confirmed_anomalies,4
outputs,overall_dashboard_alerts,2567
outputs,overall_high,785
outputs,overall_moderate,1782
outputs,overall_unavailable,6023
